Time,Tag,Value
3.04,Daddy,0.1560638
8.02,Daddy,0.1929639
11.32,Daddy,0.1990591
