Time,Tag,Value
2.96,Daddy,0.1468617
6.24,Daddy,0.2684839
9.52,Daddy,0.1732636
