Time,Tag,Value
2.52,Daddy,0.1914867
5.86,Daddy,0.1712452
9.099999,Daddy,0.1042938
12.22,Daddy,0.1541118
15.4,Daddy,0.1796981
18.48,Daddy,0.1734478
21.44,Daddy,0.1868203
24.98,Daddy,0.2018828
28.1,Daddy,0.1377408
31.08,Daddy,0.1656643
34.22,Daddy,0.1327801
37.42,Daddy,0.08836222
40.56,Daddy,0.1127827
43.86,Daddy,0.1657217
47.8,Daddy,0.1389097
51.22,Daddy,0.1505143
54.56,Daddy,0.1678275
57.78,Daddy,0.1257358
60.92,Daddy,0.1245985
64.56,Daddy,0.199391
68.42,Daddy,0.09977508
