Time,Tag,Value
2.5,Daddy,0.1647679
10.44,Daddy,0.1229966
13.72,Daddy,0.1635527
